Workbook

Sheet Sheet1
B1: building | C1: weather | D1: case | E1: own_consumption | F1: self_sufficiency_degree
A2: own_consumption_max | B2: 1980_standard | C2: TRY2015_504312129522_Jahr | D2: North | E2: 70.629933 | F2: 22.004565
A3: own_consumption_min | B3: 1960_adv_retrofit | C3: TRY2015_495193085486_Jahr | D3: EastWest | E3: 9.7286947 | F3: 89.47133
A4: own_consumption_mean | B4: 1994_retrofit | C4: TRY2015_513981069711_Jahr | D4: East | E4: 28.738478 | F4: 55.878137
A5: self_sufficiency_degree_max | B5: 1960_adv_retrofit | C5: TRY2015_474856110632_Somm | D5: SouthNorth | E5: 16.264102 | F5: 97.012812
A6: self_sufficiency_degree_min | B6: 1950_standard | C6: TRY2015_504312129522_Wint | D6: North | E6: 66.48837 | F6: 18.194903
A7: self_sufficiency_degree_mean | B7: 2009_adv_retrofit | C7: TRY2015_517332106070_Somm | D7: East | E7: 31.921881 | F7: 55.203612

Sheet SimulationCases
B1: building | C1: weather | D1: case | E1: own_consumption | F1: pv_generation | G1: WEle_demand_dhw | H1: WEle_demand_bui | I1: WEle_demand_house | J1: WEle_demand | K1: W_pv_grid_feed_in | L1: W_pv_for_pro | M1: W_pv_for_dhw | N1: W_pv_for_bui | O1: solar_share_dhw | P1: solar_share_bui | Q1: solar_share_house | R1: self_sufficiency_degree | S1: Q_bui | T1: Q_dhw | U1: SCOP_bui | V1: SCOP_dhw | W1: SCOP | X1: heat_demand_est_per_area | Y1: heat_demand_per_area | Z1: rood_area | AA1: type
A2: 10622 | B2: 1950-adv-retrofit | C2: GarmischPartenkirchen-TRY2045-warm | D2: SouthNorth | E2: 19.424447 | F2: 21819.785 | G2: 411.35329 | H2: 1198.7682 | I2: 2800 | J2: 4410.1215 | K2: 17581.413 | L2: 2793.8468 | M2: 401.96463 | N2: 1042.5613 | O2: 0.97717616 | P2: 0.8696938 | Q2: 0.99780244 | R2: 96.105578 | S2: 3823.0542 | T2: 2121.0556 | U2: 3.1891522 | V2: 5.1562869 | W2: 1.3478336 | X2: 55.279811 | Y2: 34.44193 | Z2: 125.43 | AA2: max
A3: 10655 | B3: 1950-adv-retrofit | C3: GarmischPartenkirchen-TRY2045-warm | D3: EastWest | E3: 19.146996 | F3: 22133.795 | G3: 411.35329 | H3: 1198.7682 | I3: 2800 | J3: 4410.1215 | K3: 17895.838 | L3: 2793.6662 | M3: 401.70505 | N3: 1042.5855 | O3: 0.97654514 | P3: 0.86971403 | Q3: 0.99773791 | R3: 96.096145 | S3: 3823.0542 | T3: 2121.0556 | U3: 3.1891522 | V3: 5.1562869 | W3: 1.3478336 | X3: 55.279811 | Y3: 34.44193 | Z3: 125.43 | AA3: max
A4: 12059 | B4: 1994-retrofit | C4: HamburgFuhlsbuettel-TRY2015-average | D4: South | E4: 35.559415 | F4: 11214.411 | G4: 400.56009 | H4: 3155.9094 | I4: 2800 | J4: 6356.4695 | K4: 7226.6318 | L4: 2459.8687 | M4: 284.1828 | N4: 1243.7272 | O4: 0.7094636 | P4: 0.39409472 | Q4: 0.87852454 | R4: 62.735749 | S4: 10554.684 | T4: 2121.0556 | U4: 3.344419 | V4: 5.2952244 | W4: 1.9941477 | X4: 94.263439 | Y4: 70.364557 | Z4: 123.195 | AA4: mean

Sheet LatexTable
A1: type | B1: building | C1: weather | D1: case | E1: SSD | F1: SCR | G1: Pgen | H1: Pfeed | I1: sDHW | J1: sBui | K1: sHou | L1: QPerA | M1: Aroof
A2: =SimulationCases!AA2 -> max | B2: =SimulationCases!B2 -> 1950-adv-retrofit | C2: =SimulationCases!C2 -> GarmischPartenkirchen-TRY2045-warm | D2: =SimulationCases!D2 -> SouthNorth | E2: =SimulationCases!R2 -> 96.105578 | F2: =SimulationCases!E2 -> 19.424447 | G2: =SimulationCases!F2 -> 21819.785 | H2: =SimulationCases!K2 -> 17581.413 | I2: =SimulationCases!O2*100 -> 97.717616 | J2: =SimulationCases!P2*100 -> 86.96938 | K2: =SimulationCases!Q2*100 -> 99.780244 | L2: =SimulationCases!Y2 -> 34.44193 | M2: =SimulationCases!Z2 -> 125.43
A3: =SimulationCases!AA3 -> max | B3: =SimulationCases!B3 -> 1950-adv-retrofit | C3: =SimulationCases!C3 -> GarmischPartenkirchen-TRY2045-warm | D3: =SimulationCases!D3 -> EastWest | E3: =SimulationCases!R3 -> 96.096145 | F3: =SimulationCases!E3 -> 19.146996 | G3: =SimulationCases!F3 -> 22133.795 | H3: =SimulationCases!K3 -> 17895.838 | I3: =SimulationCases!O3*100 -> 97.654514 | J3: =SimulationCases!P3*100 -> 86.971403 | K3: =SimulationCases!Q3*100 -> 99.773791 | L3: =SimulationCases!Y3 -> 34.44193 | M3: =SimulationCases!Z3 -> 125.43
A4: =SimulationCases!AA4 -> mean | B4: =SimulationCases!B4 -> 1994-retrofit | C4: =SimulationCases!C4 -> HamburgFuhlsbuettel-TRY2015-average | D4: =SimulationCases!D4 -> South | E4: =SimulationCases!R4 -> 62.735749 | F4: =SimulationCases!E4 -> 35.559415 | G4: =SimulationCases!F4 -> 11214.411 | H4: =SimulationCases!K4 -> 7226.6318 | I4: =SimulationCases!O4*100 -> 70.94636 | J4: =SimulationCases!P4*100 -> 39.409472 | K4: =SimulationCases!Q4*100 -> 87.852454 | L4: =SimulationCases!Y4 -> 70.364557 | M4: =SimulationCases!Z4 -> 123.195
